City_ID,City,Lat,Lng,Max Temp,Humidity,Cloudiness,Wind Speed,Country,Date
0,lebu,-37.6167,-73.65,283.23,62,98,1.77,CL,1685956034
1,tasiilaq,65.6145,-37.6368,274.24,90,100,0.74,GL,1685956035
2,dikson,73.5069,80.5464,274.55,76,42,3.02,RU,1685956035
3,hithadhoo,-0.6,73.0833,301.45,71,100,1.5,MV,1685956035
4,takoradi,4.8845,-1.7554,300.01,83,100,2.7,GH,1685956035
5,jamestown,42.097,-79.2353,282.95,69,0,2.57,US,1685956035
6,punta arenas,-53.15,-70.9167,277.21,87,100,7.2,CL,1685956036
7,mataura,-46.1927,168.8643,278.8,93,82,0.42,NZ,1685956036
8,mozarlandia,-14.7447,-50.5706,293.35,51,5,2.21,BR,1685956036
9,chokurdakh,70.6333,147.9167,279.31,40,0,7.6,RU,1685956037
10,fortuna,40.5982,-124.1573,283.34,95,0,3.09,US,1685955912
11,airai,-8.9266,125.4092,290.83,74,77,0.87,TL,1685956037
12,hilo,19.7297,-155.09,294.4,91,0,2.24,US,1685956037
13,hobart,-42.8794,147.3294,284.07,81,75,3.09,AU,1685955788
14,vaini,-21.2,-175.2,293.24,88,20,2.57,TO,1685956038
15,havoysund,70.9963,24.6622,279.28,78,95,3.25,NO,1685956038
16,deputatskiy,69.3,139.9,285.75,45,60,5.63,RU,1685956038
17,tiarei,-17.5333,-149.3333,297.16,69,33,5.4,PF,1685956039
18,nelson bay,-32.7167,152.15,290.93,85,93,7.15,AU,1685956039
19,lavrentiya,65.5833,-171.0,273.05,98,84,1.01,RU,1685956039
20,qaanaaq,77.484,-69.3632,268.19,76,4,2.08,GL,1685956039
21,upernavik,72.7868,-56.1549,268.55,89,92,0.75,GL,1685956040
22,busselton,-33.65,115.3333,284.05,76,100,5.11,AU,1685955769
23,falmouth,50.1544,-5.0711,291.65,75,0,8.23,GB,1685956040
24,castro,-24.7911,-50.0119,283.3,82,16,0.58,BR,1685956040
25,kaitangata,-46.2817,169.8464,280.9,85,100,1.03,NZ,1685956040
26,muros,42.7762,-9.0603,291.89,82,64,0.27,ES,1685956041
27,kampene,-3.6,26.6667,299.22,70,100,1.76,CD,1685956041
28,tyrma,50.0833,132.1667,290.13,63,93,0.95,RU,1685956041
29,mar del plata,-38.0023,-57.5575,280.42,69,36,1.79,AR,1685956042
30,albany,42.6001,-73.9662,283.74,86,61,0.45,US,1685956042
31,zhigansk,66.7697,123.3711,287.15,59,77,5.3,RU,1685956042
32,rudbar,30.15,62.6,314.19,9,0,7.98,AF,1685956042
33,saldanha,-33.0117,17.9442,283.18,59,100,3.05,ZA,1685955813
34,san juan,-31.5375,-68.5364,283.48,68,88,1.89,AR,1685955783
35,banyo,6.75,11.8167,297.27,78,100,1.29,CM,1685956043
36,barrow,71.2906,-156.7887,272.16,86,100,7.2,US,1685956043
37,tuktoyaktuk,69.4541,-133.0374,273.54,87,84,3.01,CA,1685956044
38,wilmington,34.2257,-77.9447,286.4,87,0,1.54,US,1685956044
39,rikitea,-23.1203,-134.9692,296.13,68,3,3.79,PF,1685956044
40,isangel,-19.55,169.2667,294.21,78,75,2.06,VU,1685956044
41,bluff,-46.6,168.3333,281.8,80,87,2.28,NZ,1685956013
42,avarua,-21.2078,-159.775,295.73,64,91,4.85,CK,1685956045
43,andros town,24.7,-77.7667,299.71,80,16,4.3,BS,1685956045
44,lagoa,39.05,-27.9833,291.75,86,100,8.04,PT,1685955799
45,tautira,-17.7333,-149.15,298.52,69,34,4.67,PF,1685956045
46,puerto ayora,-0.7393,-90.3518,297.9,100,40,2.13,EC,1685956046
47,acaponeta,22.4964,-105.3594,294.48,83,5,1.18,MX,1685956046
48,petropavlovsk-kamchatskiy,53.0452,158.6483,278.51,95,100,2.08,RU,1685956046
49,bairiki,1.3292,172.9752,301.15,83,75,0.51,KI,1685956047
50,hlobyne,49.3878,33.2596,292.66,39,6,2.55,UA,1685956047
51,north bend,43.4065,-124.2243,283.1,87,0,8.23,US,1685956047
52,cidreira,-30.1811,-50.2056,292.12,91,100,4.26,BR,1685956047
53,ushuaia,-54.8,-68.3,274.65,89,100,5.32,AR,1685956047
54,angoche,-16.2325,39.9086,301.99,59,0,5.4,MZ,1685956048
55,new norfolk,-42.7826,147.0587,283.87,81,100,1.21,AU,1685956048
56,blind river,46.1834,-82.9582,287.3,68,92,2.07,CA,1685956048
57,ko samui,9.5357,99.9357,301.64,76,100,9.38,TH,1685956048
58,adrar,20.5022,-10.0711,303.12,23,1,4.33,MR,1685956049
59,lorengau,-2.0226,147.2712,301.06,82,23,3.43,PG,1685956049
60,nikolskoye,59.7035,30.7861,288.6,38,89,4.79,RU,1685956049
61,san patricio,28.017,-97.5169,300.06,84,26,1.78,US,1685956050
62,nome,64.5011,-165.4064,278.19,93,100,0.0,US,1685956050
63,saskylakh,71.9167,114.0833,275.93,87,100,5.74,RU,1685956051
64,cherskiy,68.75,161.3,286.11,42,95,1.51,RU,1685956051
65,tongliao,43.6125,122.2653,302.28,17,75,5.03,CN,1685956051
66,kirakira,-10.4544,161.9205,299.69,86,50,3.94,SB,1685956051
67,antofagasta,-23.65,-70.4,287.75,82,24,2.42,CL,1685955964
68,talnakh,69.4865,88.3972,282.71,55,19,2.48,RU,1685956052
69,arraial do cabo,-22.9661,-42.0278,289.07,94,0,1.54,BR,1685956052
70,sao francisco,-15.9486,-44.8644,286.21,61,0,0.49,BR,1685956052
71,thompson,55.7435,-97.8558,286.85,75,62,3.35,CA,1685956053
72,marawi,7.9986,124.2928,296.31,93,100,1.15,PH,1685956053
73,atuona,-9.8,-139.0333,300.1,79,93,5.46,PF,1685956053
74,surgut,61.25,73.4167,302.25,42,0,5.0,RU,1685956053
75,cockburn town,21.4612,-71.1419,301.02,77,8,2.94,TC,1685956054
76,livani,56.3543,26.1758,288.38,44,43,2.83,LV,1685956054
77,alofi,-19.0595,-169.9187,297.43,70,100,8.67,NU,1685956054
78,panaba,21.2833,-88.2667,295.73,86,13,1.55,MX,1685956054
79,cape town,-33.9258,18.4232,286.55,69,99,0.89,ZA,1685956055
80,sistranda,63.7256,8.834,281.13,90,100,3.13,NO,1685956055
81,kars,40.602,43.095,295.4,37,40,4.63,TR,1685956055
82,guilin,25.2819,110.2864,305.32,65,50,1.18,CN,1685956055
83,amot,59.5714,7.9877,291.91,34,5,1.47,NO,1685956055
84,katsuura,35.1333,140.3,294.72,76,100,3.44,JP,1685956056
85,kokkola,63.8385,23.1307,285.24,48,0,6.17,FI,1685956056
86,kahului,20.8947,-156.47,298.06,72,0,2.24,US,1685956056
87,constitucion,-35.3333,-72.4167,285.18,57,100,2.06,CL,1685955957
88,cabo san lucas,22.8909,-109.9124,295.71,69,4,6.3,MX,1685955952
89,vila velha,-20.3297,-40.2925,290.34,92,0,1.03,BR,1685956057
90,kudahuvadhoo,2.6708,72.8944,301.81,76,100,5.95,MV,1685956057
91,tiksi,71.6872,128.8694,274.47,99,100,1.81,RU,1685956047
92,torbay,47.6666,-52.7314,278.01,98,100,2.68,CA,1685955913
93,eenhana,-17.4667,16.3333,300.28,14,0,0.89,NA,1685956058
94,kruisfontein,-34.0033,24.7314,288.64,53,100,6.01,ZA,1685956058
95,vardo,70.3705,31.1107,280.14,70,75,8.75,NO,1685955800
96,yellowknife,62.456,-114.3525,287.18,85,34,3.28,CA,1685956058
97,souillac,-20.5167,57.5167,298.71,76,44,8.1,MU,1685956058
98,port moresby,-9.4431,147.1797,298.76,89,98,1.65,PG,1685956059
99,rodez,44.5,2.5833,295.32,64,0,2.06,FR,1685956059
100,san cristobal,7.7669,-72.225,292.71,99,100,1.87,VE,1685955896
101,charters towers,-20.1,146.2667,295.74,66,78,6.88,AU,1685956059
102,port alfred,-33.5906,26.891,290.47,49,48,4.47,ZA,1685956060
103,kapaa,22.0752,-159.319,297.33,76,20,4.63,US,1685956060
104,kamaishi,39.2667,141.8833,290.51,70,0,0.74,JP,1685956060
105,hermanus,-34.4187,19.2345,287.48,60,100,3.3,ZA,1685956060
106,la ronge,55.1001,-105.2842,288.26,100,59,2.19,CA,1685956060
107,longyearbyen,78.2186,15.6401,276.06,65,20,2.06,SJ,1685956061
108,coquimbo,-29.9533,-71.3436,284.0,100,100,1.54,CL,1685955924
109,yar-sale,66.8333,70.8333,284.31,86,100,3.13,RU,1685956061
110,san felipe,10.3399,-68.7425,296.16,91,100,2.07,VE,1685956061
111,destin,30.3935,-86.4958,295.92,86,20,2.57,US,1685956062
112,raga,8.4596,25.678,296.69,87,100,1.56,SS,1685956062
113,barranca,-10.75,-77.7667,293.61,82,84,2.23,PE,1685955882
114,port elizabeth,-33.918,25.5701,289.87,49,100,6.26,ZA,1685956062
115,vestmannaeyjar,63.4427,-20.2734,282.7,93,40,6.17,IS,1685956062
116,haines junction,60.7522,-137.5108,285.03,55,100,2.43,CA,1685956063
117,east london,-33.0153,27.9116,290.82,43,0,9.93,ZA,1685956063
118,bambous virieux,-20.3428,57.7575,298.83,78,30,8.27,MU,1685956063
119,sur,22.5667,59.5289,311.6,34,0,2.24,OM,1685956063
120,aklavik,68.2191,-135.0107,278.95,67,66,2.95,CA,1685956063
121,mahebourg,-20.4081,57.7,298.85,77,26,8.46,MU,1685956064
122,staryy nadym,65.6118,72.6842,294.05,60,68,5.94,RU,1685956064
123,sinnamary,5.3833,-52.95,298.76,87,25,3.11,GF,1685956064
124,emmen,52.7792,6.9069,290.36,73,5,6.26,NL,1685956064
125,umea,63.8284,20.2597,288.11,33,53,9.77,SE,1685956065
126,powell river,49.8496,-124.5361,285.94,73,0,6.37,CA,1685956065
127,taywarah,33.35,64.4167,294.48,13,0,3.8,AF,1685956065
128,sao filipe,14.8961,-24.4956,296.98,76,15,0.97,CV,1685956065
129,geraldton,-28.7667,114.6,289.38,77,75,14.4,AU,1685956066
130,karratha,-20.7377,116.8463,296.09,52,25,6.8,AU,1685956066
131,marsa matruh,31.3525,27.2453,297.7,48,34,3.87,EG,1685956066
132,tanout,14.9709,8.8879,308.29,33,25,7.36,NE,1685956066
133,mancheral,18.8667,79.4333,315.64,17,2,4.17,IN,1685956067
134,hamilton,39.1834,-84.5333,290.62,63,0,4.12,US,1685955868
135,chongqing,29.5628,106.5528,294.4,98,99,1.79,CN,1685956067
136,gat,31.61,34.7642,301.7,12,11,5.58,IL,1685956067
137,san carlos de bariloche,-41.1456,-71.3082,280.06,54,100,2.52,AR,1685956011
138,khatanga,71.9667,102.5,277.51,57,97,8.78,RU,1685956068
139,butaritari,3.0707,172.7902,302.2,73,100,6.02,KI,1685956068
140,horadiz,39.4488,47.3353,304.62,39,50,4.13,AZ,1685956068
141,pisco,-13.7,-76.2167,293.18,77,100,0.51,PE,1685956068
142,bredasdorp,-34.5322,20.0403,286.29,61,90,3.54,ZA,1685956068
143,bud,39.447,-86.1758,289.29,48,9,3.23,US,1685956069
144,itoman,26.1247,127.6694,300.36,80,75,5.14,JP,1685956069
145,carnarvon,-24.8667,113.6333,295.01,59,5,9.76,AU,1685956061
146,kupino,54.3663,77.2981,308.23,24,11,3.4,RU,1685956069
147,preston,53.7667,-2.7167,290.83,64,20,4.63,GB,1685956026
148,pangnirtung,66.1451,-65.7125,270.12,96,100,0.35,CA,1685956070
149,indiana,40.0003,-86.2503,287.44,50,0,2.57,US,1685956070
150,korce,40.6186,20.7808,292.7,70,100,1.94,AL,1685956070
151,gorontalo,0.5412,123.0595,301.91,77,81,1.99,ID,1685956070
152,portland,45.5234,-122.6762,288.11,56,0,5.66,US,1685955912
153,pangai,-19.8,-174.35,297.42,66,100,6.09,TO,1685956071
154,tashtyp,52.7939,89.8983,301.29,43,6,1.63,RU,1685956071
155,fergus falls,46.283,-96.0776,296.14,70,0,1.54,US,1685955859
156,garden city,42.3256,-83.331,287.29,62,100,2.06,US,1685956071
157,viedma,-40.8135,-62.9967,278.83,37,100,5.08,AR,1685956071
158,mpigi,0.225,32.3136,297.88,60,85,2.66,UG,1685956072
159,oktyabrskiy,54.4815,53.471,291.67,42,22,4.36,RU,1685956073
160,port-gentil,-0.7193,8.7815,300.13,74,40,6.17,GA,1685956073
161,faanui,-16.4833,-151.75,299.7,72,46,4.7,PF,1685956073
162,virden,39.5009,-89.7679,290.72,60,0,3.14,US,1685956074
163,sri aman,1.2376,111.4621,299.93,84,98,1.22,MY,1685956074
164,bonavista,48.6499,-53.1147,277.64,99,100,2.78,CA,1685956074
165,luena,-11.7833,19.9167,299.44,24,87,2.23,AO,1685956074
166,ufimskiy,56.7084,58.0517,292.43,40,22,4.09,RU,1685956075
167,suntar,62.1444,117.6319,286.17,38,88,3.67,RU,1685956075
168,elena,42.9333,25.8833,296.47,50,19,2.15,BG,1685956075
169,narsaq,60.9167,-46.05,277.27,89,100,1.82,GL,1685956075
170,linkou,45.3,130.2833,293.48,58,91,2.24,CN,1685956075
171,husavik,66.0449,-17.3389,283.53,68,71,3.35,IS,1685956076
172,georgetown,5.4112,100.3354,305.11,70,20,3.09,MY,1685956076
173,vagur,61.4732,-6.8119,282.45,85,100,5.47,FO,1685956076
174,kabala,9.5833,-11.55,296.02,87,100,0.68,SL,1685956076
175,dunedin,-45.8742,170.5036,281.93,74,100,1.34,NZ,1685956069
176,chicama,-7.8447,-79.1469,294.45,86,47,1.02,PE,1685956077
177,esperance,-33.8667,121.9,292.03,57,64,12.15,AU,1685955887
178,tilichiki,60.4667,166.1,278.61,76,100,7.73,RU,1685956077
179,owosso,42.9978,-84.1766,284.88,78,0,0.0,US,1685956055
180,ostrovnoy,68.0531,39.5131,275.69,97,100,11.46,RU,1685956078
181,yeppoon,-23.1333,150.7333,294.03,83,51,6.39,AU,1685956078
182,uetze,52.4651,10.2047,295.62,47,4,1.03,DE,1685956078
183,ibra,22.6906,58.5334,312.57,17,0,4.77,OM,1685956078
184,isla vista,34.4133,-119.861,289.26,95,100,0.0,US,1685956079
185,acapulco,16.8634,-99.8901,300.05,78,40,0.0,MX,1685956079
186,yagodnoye,62.55,149.6667,288.71,34,57,5.65,RU,1685956079
187,ponta do sol,32.6667,-17.1,294.82,68,100,6.34,PT,1685955956
188,tuatapere,-46.1333,167.6833,280.11,92,52,1.33,NZ,1685956079
189,vung tau,10.346,107.0843,302.32,76,100,2.66,VN,1685956080
190,saint stephen,50.3333,-4.9,291.6,59,0,4.12,GB,1685956080
191,hoshangabad,22.75,77.7167,314.01,17,36,5.66,IN,1685956080
192,shakhtinsk,49.71,72.5872,307.31,14,12,3.64,KZ,1685956080
193,serov,59.6033,60.5787,294.0,24,0,4.43,RU,1685956081
194,guerrero negro,27.9769,-114.0611,288.12,89,2,5.8,MX,1685955820
195,kodiak,57.79,-152.4072,279.88,100,100,5.14,US,1685956081
196,atar,20.5169,-13.0499,304.88,21,0,3.28,MR,1685956081
197,nanortalik,60.1432,-45.2371,275.04,95,100,4.19,GL,1685955888
198,provideniya,64.3833,-173.3,278.43,88,99,2.98,RU,1685956082
199,seymchan,62.8833,152.4333,291.06,35,60,4.42,RU,1685956082
200,bourges,47.25,2.4167,295.17,60,1,3.55,FR,1685956082
201,beloha,-25.1667,45.05,303.67,33,2,2.39,MG,1685956083
202,maumere,-8.6199,122.2111,300.29,74,58,0.84,ID,1685956083
203,beruwala,6.4788,79.9828,301.53,75,97,4.32,LK,1685956083
204,rocha,-34.4833,-54.3333,280.15,79,6,1.96,UY,1685955932
205,mount gambier,-37.8333,140.7667,287.43,79,92,4.86,AU,1685956083
206,chernyshevskiy,63.0128,112.4714,285.39,37,100,3.26,RU,1685956084
207,klaksvik,62.2266,-6.589,283.66,69,86,5.15,FO,1685956084
208,kirishi,59.4471,32.0205,288.83,43,100,4.24,RU,1685956084
209,kirensk,57.7853,108.1119,285.44,92,100,2.84,RU,1685956084
210,torrelavega,43.3494,-4.0479,297.07,71,39,0.89,ES,1685956085
211,lompoc,34.6391,-120.4579,288.71,89,100,3.13,US,1685956085
212,chapais,49.7834,-74.8492,284.51,51,100,1.57,CA,1685956085
213,tazovskiy,67.4667,78.7,286.53,62,99,4.04,RU,1685956085
214,avare,-23.0986,-48.9258,285.18,84,15,1.15,BR,1685956044
215,derby,52.9228,-1.4766,288.42,68,75,4.12,GB,1685955843
216,pevek,69.7008,170.3133,276.16,91,100,4.59,RU,1685956086
217,kavaratti,10.5669,72.642,301.69,77,100,6.15,IN,1685956086
218,isiro,2.7739,27.616,302.48,51,86,1.31,CD,1685956087
219,lumut,4.2323,100.6298,302.83,71,82,1.99,MY,1685956087
220,henties bay,-22.116,14.2845,288.84,72,0,2.38,NA,1685956087
221,saint-pierre,-21.3393,55.4781,300.97,61,75,7.2,RE,1685956087
222,ribeira grande,38.5167,-28.7,293.37,83,75,6.69,PT,1685956088
223,texarkana,33.4251,-94.0477,295.27,80,0,1.54,US,1685956088
224,bambanglipuro,-7.95,110.2833,299.84,79,73,5.73,ID,1685956088
225,norman wells,65.282,-126.8329,289.92,55,100,0.96,CA,1685956088
226,mitu,1.1983,-70.1733,295.16,99,100,0.84,CO,1685956089
227,hualmay,-11.0964,-77.6139,293.11,85,52,2.49,PE,1685956089
228,takayama,36.1333,137.25,291.74,71,98,0.86,JP,1685956089
229,bethel,41.3712,-73.414,284.35,88,100,0.0,US,1685956089
230,yamada,39.4667,141.95,290.52,72,3,0.97,JP,1685956090
231,scarborough,54.2797,-0.4044,286.44,75,15,2.24,GB,1685956090
232,choconta,5.1447,-73.6858,282.73,92,89,0.78,CO,1685956090
233,roma,43.2128,-75.4557,282.52,90,0,0.0,US,1685955965
234,ixtapa,20.7,-105.2,295.38,77,38,1.05,MX,1685956091
235,tessalit,20.1986,1.0114,307.91,11,30,4.84,ML,1685956058
236,stykkisholmur,65.0757,-22.7297,280.7,76,99,3.74,IS,1685956091
237,port hardy,50.6996,-127.4199,281.29,88,1,4.17,CA,1685956091
238,dalaba,10.7,-12.25,292.99,88,100,1.26,GN,1685956091
239,namibe,-15.1961,12.1522,296.98,49,0,2.85,AO,1685956092
240,sioux lookout,50.1001,-91.917,292.19,94,75,2.57,CA,1685956092
241,hun,29.1268,15.9477,309.22,17,99,10.46,LY,1685956093
242,kukushtan,57.6464,56.4952,289.94,31,0,2.92,RU,1685956093
243,kholm,59.2667,32.85,288.39,49,99,4.37,RU,1685956093
244,buala,-8.145,159.5921,300.32,82,99,2.97,SB,1685956093
245,cranbrook,49.4999,-115.7688,285.94,59,15,1.91,CA,1685956093
246,kangalassy,62.3464,129.9628,293.11,42,96,5.68,RU,1685956094
247,khrebtovaya,56.7032,104.2494,285.49,91,100,3.0,RU,1685956094
248,smithers,54.7804,-127.1743,275.33,100,20,0.0,CA,1685956094
249,batemans bay,-35.7167,150.1833,288.2,80,99,2.37,AU,1685956095
250,terrace,54.5163,-128.6035,282.16,96,99,1.83,CA,1685956095
251,sadovoye,47.7764,44.5089,287.56,93,100,5.85,RU,1685956095
252,port lincoln,-34.7333,135.8667,290.03,78,58,3.89,AU,1685956095
253,jibuti,11.5,42.5,308.61,25,9,2.52,DJ,1685956096
254,odweyne,9.4092,45.064,302.13,43,94,6.23,SO,1685956096
255,namatanai,-3.6667,152.4333,300.47,82,59,3.58,PG,1685956096
256,shingu,33.7333,135.9833,296.28,69,98,0.75,JP,1685956096
257,atambua,-9.1061,124.8925,297.44,71,63,0.36,ID,1685956096
258,sinop,41.7711,34.8709,288.39,99,100,2.17,TR,1685956097
259,colonia,50.9333,6.95,295.96,49,0,1.03,DE,1685956097
260,pyay,18.8167,95.2167,307.55,48,97,2.78,MM,1685956097
261,grand gaube,-20.0064,57.6608,298.92,73,15,4.02,MU,1685956097
262,santo tomas,14.1079,121.1414,303.46,83,100,0.79,PH,1685956098
263,coihaique,-45.5752,-72.0662,276.12,93,20,1.03,CL,1685956098
264,mirnyy,62.5353,113.9611,287.17,30,99,4.02,RU,1685956098
265,jeannette,40.3281,-79.6153,284.79,73,0,0.0,US,1685956098
266,victoria,22.2855,114.1577,305.35,70,26,5.36,HK,1685955827
267,mastic beach,40.7668,-72.8521,285.62,85,100,0.0,US,1685956099
268,telde,27.9924,-15.4192,294.84,78,40,2.06,ES,1685956099
269,saint-philippe,-21.3585,55.7679,300.92,81,36,6.44,RE,1685956099
270,hasaki,35.7333,140.8333,299.42,69,100,4.76,JP,1685956100
271,college,64.8569,-147.8028,284.21,72,40,2.06,US,1685956052
272,kadaya,50.9327,119.2911,294.77,21,100,6.73,RU,1685956100
273,vila,42.0304,-8.1588,290.76,84,89,0.16,PT,1685956100
274,ilulissat,69.2167,-51.1,273.16,69,75,0.0,GL,1685956100
275,ibotirama,-12.1853,-43.2206,290.39,77,69,0.9,BR,1685956027
276,manzil salim,35.8567,8.4765,293.38,55,100,3.52,TN,1685956101
277,dungarpur,23.8333,73.7167,313.04,22,0,4.47,IN,1685956101
278,krasnoborsk,61.5598,45.934,283.64,79,95,4.58,RU,1685956102
279,jalu,29.0331,21.5482,308.87,17,99,7.62,LY,1685956102
280,iqaluit,63.7506,-68.5145,272.98,84,93,1.79,CA,1685956102
281,gobabis,-22.45,18.9667,289.65,22,0,2.92,NA,1685956102
282,yatou,37.15,122.3833,294.33,59,93,8.59,CN,1685956103
283,sakaiminato,35.55,133.2333,295.07,74,99,3.22,JP,1685956103
284,salalah,17.0151,54.0924,305.2,66,20,5.66,OM,1685956103
285,meulaboh,4.1363,96.1285,300.66,77,100,2.04,ID,1685956103
286,khor,47.8861,134.9464,293.13,65,17,2.18,RU,1685956104
287,mayo,38.8876,-76.5119,289.12,88,100,1.54,US,1685956104
288,matara,5.9485,80.5353,303.07,66,75,6.1,LK,1685956104
289,killybegs,54.6333,-8.45,290.99,69,7,0.23,IE,1685956104
290,pionerskiy,54.9508,20.2275,290.06,60,0,2.64,RU,1685956105
291,sambava,-14.2667,50.1667,300.54,59,3,6.09,MG,1685956105
292,bathsheba,13.2167,-59.5167,300.49,89,20,5.14,BB,1685956105
293,wattegama,6.7989,81.4808,309.95,36,75,4.82,LK,1685956105
294,banfora,10.6333,-4.7667,299.42,63,100,2.49,BF,1685956106
295,whyalla,-33.0333,137.5833,291.87,57,95,5.32,AU,1685956106
296,winnemucca,40.973,-117.7357,289.18,59,0,5.14,US,1685956106
297,qaqortoq,60.7167,-46.0333,276.3,89,100,2.14,GL,1685956106
298,thinadhoo,0.5333,72.9333,301.38,73,100,2.35,MV,1685956106
299,shahreza,32.0339,51.8794,304.87,11,65,0.26,IR,1685956107
300,tagab,34.855,69.6492,303.34,12,6,3.35,AF,1685956107
301,rabo de peixe,37.8,-25.5833,291.88,88,40,2.57,PT,1685956107
302,ancud,-41.8697,-73.8203,283.09,88,100,8.94,CL,1685956107
303,severo-kurilsk,50.6789,156.125,277.26,91,55,7.15,RU,1685956107
304,broome,42.2506,-75.833,282.4,83,24,0.45,US,1685956108
305,hay river,60.8156,-115.7999,290.14,82,75,3.6,CA,1685955948
306,norwood,42.1945,-71.1995,283.88,94,100,4.47,US,1685956108
307,herat,34.5,62.0,305.67,12,0,7.37,AF,1685956108
308,ygatimi,-24.0833,-55.5,289.04,96,8,1.59,PY,1685956109
309,phanat nikhom,13.4458,101.1844,308.15,100,100,6.4,TH,1685956109
310,neuquen,-38.9516,-68.0591,281.59,38,100,2.25,AR,1685956109
311,namtsy,62.7161,129.6658,292.69,42,71,6.31,RU,1685956109
312,weiser,44.251,-116.9693,292.21,67,100,1.12,US,1685956110
313,khuzhir,53.1939,107.3397,286.45,54,97,2.17,RU,1685956111
314,khani,41.9563,42.9566,291.91,70,70,2.45,GE,1685956111
315,lokosovo,61.1333,74.8167,305.26,30,0,4.86,RU,1685956111
316,nhulunbuy,-12.2333,136.7667,299.49,83,40,5.14,AU,1685956111
317,yerbogachen,61.2767,108.0108,284.02,86,100,1.52,RU,1685956111
318,udachnyy,66.4167,112.4,277.2,63,100,6.61,RU,1685956112
319,kultayevo,57.8943,55.9392,290.14,39,0,4.02,RU,1685956112
320,wexford,52.3342,-6.4575,292.16,87,4,3.13,IE,1685956112
321,puerto madryn,-42.7692,-65.0385,283.11,39,100,9.45,AR,1685955871
322,palmerston,-12.486,130.9833,301.14,67,20,2.57,AU,1685956112
323,leningradskiy,69.3833,178.4167,274.31,97,100,1.98,RU,1685956113
324,mollendo,-17.0231,-72.0147,289.38,86,61,3.39,PE,1685956113
325,terney,45.0503,136.6092,288.82,79,46,2.38,RU,1685956113
326,samana,19.2056,-69.3369,300.12,84,1,3.2,DO,1685956113
327,cayenne,4.9333,-52.3333,296.17,100,40,0.0,GF,1685956114
328,kuching,1.55,110.3333,303.27,74,40,1.54,MY,1685956114
329,denpasar,-8.65,115.2167,300.96,83,40,4.12,ID,1685956008
330,do gonbadan,30.3586,50.7981,312.49,5,57,6.03,IR,1685956114
331,nouadhibou,20.931,-17.0347,292.55,85,0,5.24,MR,1685956115
332,kahna nau,31.3692,74.3653,311.17,30,40,5.14,PK,1685956115
333,lynn haven,30.2455,-85.6483,293.74,82,0,0.89,US,1685956115
334,axim,4.8699,-2.2405,300.95,77,99,2.91,GH,1685956115
335,kanigoro,-8.13,112.219,298.7,83,87,4.5,ID,1685956116
336,finnsnes,69.2296,17.9811,279.49,97,100,12.56,NO,1685956116
337,krasnoselkup,65.7,82.4667,294.06,55,87,4.18,RU,1685956116
338,strezhevoy,60.7333,77.5889,307.24,26,2,4.1,RU,1685956116
339,shimoda,34.6667,138.95,296.35,73,100,3.19,JP,1685955938
340,sao felix do xingu,-6.6447,-51.995,293.71,98,11,0.82,BR,1685956117
341,dawei,14.0833,98.2,300.26,87,100,2.33,MM,1685956117
342,tezu,27.9167,96.1667,311.94,24,6,2.49,IN,1685956117
343,iquique,-20.2208,-70.1431,291.17,78,3,1.32,CL,1685956118
344,wamba,8.9333,8.6,301.56,69,100,1.91,NG,1685956118
345,brooks,50.5834,-111.8851,288.73,81,2,4.53,CA,1685956118
346,mount isa,-20.7333,139.5,296.02,49,40,2.06,AU,1685956118
347,kloulklubed,7.0419,134.2556,300.43,77,100,6.24,PW,1685956118
348,inirida,3.8653,-67.9239,295.8,98,100,1.03,CO,1685956119
349,zyryanovsk,49.7386,84.2719,301.63,44,0,0.98,KZ,1685956119
350,srivardhan,18.0333,73.0167,304.93,61,1,4.82,IN,1685956119
351,dourbali,11.8091,15.8632,308.37,35,94,4.64,TD,1685956119
352,yomou,7.5603,-9.2653,296.12,96,99,0.33,GN,1685956119
353,amaigbo,5.7892,7.8383,300.86,79,93,1.8,NG,1685956101
354,kigoma,-4.8769,29.6267,301.19,50,84,2.66,TZ,1685956120
355,uinskoye,56.8817,56.5813,292.19,36,0,2.58,RU,1685956120
356,potiskum,11.7091,11.0694,308.05,35,87,4.32,NG,1685956100
357,kailua,21.4022,-157.7394,299.14,78,75,2.57,US,1685956120
358,kansanshi,-12.0951,26.4273,298.48,32,19,2.87,ZM,1685956121
359,cohoes,42.7742,-73.7001,285.01,86,20,3.13,US,1685956121
360,kavieng,-2.5744,150.7967,301.58,77,48,3.97,PG,1685956121
361,bisho,-32.8472,27.4422,287.02,41,0,7.49,ZA,1685956121
362,aykhal,66.0,111.5,275.29,75,100,7.16,RU,1685956122
363,mwaro,-3.5,29.6667,292.63,68,93,3.18,BI,1685956122
364,catuday,16.2923,119.8062,301.36,76,69,3.64,PH,1685956122
365,tura,25.5198,90.2201,310.6,26,44,1.48,IN,1685956122
366,luwuk,-0.9516,122.7875,301.53,77,50,2.72,ID,1685956122
367,bagdarin,54.4333,113.6,289.99,32,99,4.75,RU,1685955926
368,saint-joseph,-21.3667,55.6167,300.36,76,17,5.21,RE,1685955927
369,youkounkoun,12.5333,-13.1333,302.79,51,100,3.49,GN,1685956123
370,chimbote,-9.0853,-78.5783,294.63,81,99,2.06,PE,1685956123
371,ketchikan,55.3422,-131.6461,282.41,93,100,2.57,US,1685956123
372,gannan,47.9147,123.5031,297.33,27,99,3.35,CN,1685955926
373,del rio,29.3627,-100.8968,294.21,85,0,2.57,US,1685956124
374,ziarat,30.3823,67.7282,296.48,26,0,3.46,PK,1685956124
375,mufumbwe,-13.6833,24.8,301.38,22,0,2.58,ZM,1685956124
376,komsomolskiy,40.4272,71.7189,307.55,14,74,3.09,UZ,1685956125
377,merauke,-8.4667,140.3333,299.09,91,24,5.54,ID,1685956125
378,belyy yar,53.6039,91.3903,303.09,28,0,3.0,RU,1685956125
379,ripoll,42.2006,2.1903,295.15,65,5,1.34,ES,1685956125
380,banda aceh,5.5577,95.3222,303.24,66,98,7.88,ID,1685956125
381,tari,12.4086,4.4914,306.17,46,98,5.63,NG,1685956126
382,makakilo city,21.3469,-158.0858,298.33,76,0,2.06,US,1685956126
383,luderitz,-26.6481,15.1594,290.45,45,0,1.78,NA,1685956126
384,esso,55.9333,158.7,276.84,96,100,1.25,RU,1685956126
385,hovd,48.0056,91.6419,297.4,21,5,4.83,MN,1685956126
386,chake chake,-5.2459,39.7666,300.1,80,14,3.93,TZ,1685956127
387,kununurra,-15.7667,128.7333,303.14,42,4,2.06,AU,1685955954
388,ontario,34.0633,-117.6509,290.69,87,100,3.09,US,1685955929
389,hofn,64.2539,-15.2082,285.16,71,20,8.75,IS,1685956127
390,hope,33.6671,-93.5916,295.18,81,91,1.24,US,1685956128
391,upata,8.0086,-62.3989,297.7,97,76,1.55,VE,1685956128
392,pervomayskoye,43.919,46.7102,303.63,39,5,4.69,RU,1685956128
393,srednekolymsk,67.45,153.6833,286.58,32,16,5.28,RU,1685956128
394,nuuk,64.1835,-51.7216,274.49,93,75,10.29,GL,1685956129
395,arman,59.7,150.1667,281.42,70,24,2.34,RU,1685956129
396,teya,60.3778,92.6267,298.28,53,63,4.44,RU,1685956129
397,hambantota,6.1241,81.1185,306.34,70,40,7.72,LK,1685956129
398,visnes,59.3556,5.2242,286.38,71,75,8.23,NO,1685956129
399,bhag,29.0415,67.8239,313.68,22,0,2.84,PK,1685956130
400,pangody,65.85,74.4859,293.16,63,89,5.95,RU,1685956130
401,palafrugell,41.9174,3.1631,296.91,47,11,1.34,ES,1685956130
402,adeje,28.1227,-16.726,296.49,83,40,2.57,ES,1685956130
403,la paz,-16.5,-68.15,276.8,72,40,4.12,BO,1685956068
404,pochutla,15.7432,-96.4661,299.72,82,66,1.89,MX,1685956131
405,sao joao da barra,-21.6403,-41.0511,291.49,83,0,3.52,BR,1685956131
406,dubuque,42.4833,-90.8668,288.57,77,0,0.0,US,1685955977
407,moscow,55.7522,37.6156,288.9,57,76,4.96,RU,1685955650
408,oksfjord,70.2396,22.3479,281.25,85,90,2.46,NO,1685956131
409,pringsewu,-5.3582,104.9744,301.42,75,100,2.5,ID,1685956132
410,steinbach,50.1667,8.5667,297.81,37,0,4.12,DE,1685956132
411,krasnoshchekovo,51.6708,82.7289,303.34,42,98,4.29,RU,1685956132
412,taltal,-25.4,-70.4833,288.24,79,32,1.27,CL,1685956132
413,muhos,64.808,25.9931,285.87,43,29,5.83,FI,1685955977
414,gboko,7.3179,8.9951,302.25,67,70,4.74,NG,1685956133
415,burnie,-41.0667,145.9167,286.18,71,100,7.08,AU,1685956062
416,dembi dolo,8.5333,34.8,295.65,65,29,1.2,ET,1685956133
417,mudgee,-32.5943,149.5871,286.36,70,37,3.84,AU,1685956133
418,juneau,58.3019,-134.4197,283.83,91,100,6.17,US,1685956133
419,kolobovo,56.702,41.3417,285.39,68,97,3.62,RU,1685956134
420,benin,9.5,2.25,302.34,64,97,2.43,BJ,1685956134
421,bijie,27.3125,105.2942,288.72,83,100,1.62,CN,1685956134
422,were ilu,10.6,39.4333,293.25,44,59,3.66,ET,1685956134
423,rinteln,52.186,9.0792,295.48,69,4,1.54,DE,1685956135
424,rio grande,-32.035,-52.0986,287.13,80,0,5.8,BR,1685956135
425,samarai,-10.6167,150.6667,300.15,88,100,5.24,PG,1685956135
426,soubre,5.7856,-6.6083,299.07,85,100,1.43,CI,1685956135
427,kayerkan,69.3497,87.7602,283.44,57,29,2.01,RU,1685956136
428,mbandaka,0.0487,18.2603,295.0,98,100,2.3,CD,1685956136
429,margate,51.3813,1.3862,288.32,71,96,4.47,GB,1685955866
430,avallon,47.4833,3.9,294.2,59,7,3.97,FR,1685956136
431,hami,42.8,93.45,302.75,14,33,6.91,CN,1685955927
432,yumen,40.2833,97.2,297.99,21,96,4.39,CN,1685956137
433,thunder bay,48.4001,-89.3168,286.35,99,98,2.03,CA,1685956137
434,maragogi,-9.0122,-35.2225,297.11,84,58,3.41,BR,1685956137
435,tirumullaivasal,11.2333,79.8333,309.88,45,88,5.28,IN,1685956137
436,olga,43.7444,135.2892,292.67,63,58,0.97,RU,1685956138
437,bako,5.7833,36.5667,298.94,52,70,1.09,ET,1685956138
438,iskateley,67.6803,53.1512,283.87,47,90,10.32,RU,1685956138
439,amapa,1.0,-52.0,294.78,100,100,0.65,BR,1685956093
440,beringovskiy,63.05,179.3167,275.67,96,100,4.01,RU,1685956139
441,hohhot,40.8106,111.6522,299.16,19,45,6.61,CN,1685956139
442,faratsiho,-19.4,46.95,293.15,42,0,1.71,MG,1685956140
443,benguela,-12.5763,13.4055,297.45,75,22,3.04,AO,1685955932
444,marzuq,14.4,46.4667,306.31,20,86,2.92,YE,1685956141
445,vallenar,-28.5708,-70.7581,287.6,55,62,0.23,CL,1685956141
446,manica,49.0,-1.1667,290.88,66,32,5.24,FR,1685956141
447,burladingen,48.2833,9.1167,292.31,50,0,3.52,DE,1685956142
448,porangatu,-13.4408,-49.1486,292.28,58,0,1.2,BR,1685956142
449,vanimo,-2.6741,141.3028,299.92,88,68,2.92,PG,1685956142
450,abbeville,50.1,1.8333,292.73,71,7,5.87,FR,1685956143
451,johi,26.6921,67.6133,315.45,20,4,1.42,PK,1685956143
452,bar harbor,44.3876,-68.2039,282.19,85,100,4.63,US,1685956143
453,berbera,10.4396,45.0143,308.24,47,84,3.16,SO,1685956144
454,korla,41.7597,86.1469,303.89,12,0,2.26,CN,1685956144
455,batagay-alyta,67.8006,130.4114,289.85,48,100,6.17,RU,1685956144
456,nakusp,50.2499,-117.8023,287.8,71,31,0.61,CA,1685956144
457,richards bay,-28.783,32.0377,296.24,61,85,7.0,ZA,1685956144
458,galle,6.0367,80.217,301.82,74,73,5.36,LK,1685955986
459,murray bridge,-35.1167,139.2667,289.33,93,98,2.46,AU,1685956145
460,carbonia,39.1672,8.5222,296.51,63,7,2.13,IT,1685956145
461,gua musang,4.8823,101.9644,303.34,66,93,0.84,MY,1685956145
462,bronnoysund,65.4625,12.1997,280.15,81,75,5.36,NO,1685956146
463,salama,14.8333,-86.5833,294.09,94,56,0.37,HN,1685956146
464,carauari,-4.8828,-66.8958,295.25,99,79,0.99,BR,1685956146
465,sao jose da coroa grande,-8.8978,-35.1478,297.38,85,69,3.72,BR,1685956146
466,ossora,59.2353,163.0719,276.81,98,100,10.76,RU,1685956147
467,kiama,-34.6833,150.8667,288.15,89,100,4.13,AU,1685956147
468,marathon,44.9,-89.7668,290.26,85,0,0.0,US,1685956147
469,palma di montechiaro,37.1926,13.765,292.77,58,100,4.35,IT,1685956147
470,san vicente,-26.6167,-54.1333,285.97,91,7,1.06,AR,1685956148
471,arlit,18.7369,7.3853,311.31,10,100,2.32,NE,1685956148
472,qui nhon,13.7667,109.2333,302.27,77,77,2.79,VN,1685956148
473,purranque,-40.9167,-73.1667,282.78,77,100,2.89,CL,1685956148
474,haapiti,-17.5667,-149.8667,297.0,67,45,4.11,PF,1685956149
475,curaca,-8.9903,-39.9094,295.19,76,73,5.4,BR,1685955984
476,ahipara,-35.1667,173.1667,285.27,86,33,2.6,NZ,1685956149
477,naze,28.3667,129.4833,295.54,68,98,4.01,JP,1685956149
478,joensuu,62.6012,29.7632,287.42,53,75,7.72,FI,1685956149
479,mormugao,15.4,73.8,303.94,69,18,5.52,IN,1685956150
480,sao gabriel da cachoeira,-0.1303,-67.0892,294.94,99,71,0.92,BR,1685956150
481,quatre cocos,-20.2078,57.7625,299.31,78,36,8.05,MU,1685956150
482,chuy,-33.6971,-53.4616,281.78,83,0,2.27,UY,1685956150
483,sitka,57.0531,-135.33,284.09,71,75,7.2,US,1685956150
484,dong hoi,17.4833,106.6,305.0,66,99,2.58,VN,1685956151
485,businga,3.3333,20.8833,295.02,99,100,0.32,CD,1685956151
486,ruteng,-8.6136,120.4721,292.14,92,87,0.57,ID,1685956151
487,sadat,25.6833,83.2833,315.94,14,18,4.47,IN,1685956151
488,avera,33.194,-82.5271,288.76,90,0,2.63,US,1685956152
489,saint george,37.1041,-113.5841,297.01,34,0,4.63,US,1685956130
490,mazamari,-11.3258,-74.5308,293.99,80,86,0.62,PE,1685956152
491,juba,4.8517,31.5825,307.98,34,18,2.45,SS,1685956152
492,san luis de palenque,5.4214,-71.7317,295.82,99,100,1.26,CO,1685956153
493,tubigan,8.5322,124.3122,301.77,76,100,1.74,PH,1685956153
494,maghar,32.8898,35.407,298.82,53,0,3.6,IL,1685956153
495,kolomak,49.8399,35.3044,291.15,45,0,3.94,UA,1685956153
496,yuli,9.6989,10.2744,306.12,46,93,3.22,NG,1685956153
497,kurilsk,45.2333,147.8833,278.56,95,100,4.54,RU,1685956154
498,mazagao,-0.115,-51.2894,299.18,98,86,1.18,BR,1685956154
499,caravelas,-17.7125,-39.2481,296.05,62,100,1.71,BR,1685956154
500,mazatlan,23.2167,-106.4167,298.66,86,20,0.45,MX,1685955903
501,rosarito,32.3333,-117.0333,290.08,78,78,1.17,MX,1685956154
502,dunmore east,52.1514,-6.9861,292.22,64,0,2.57,IE,1685956155
503,awbari,26.5921,12.7805,310.37,11,0,5.65,LY,1685956155
504,mathbaria,22.2876,89.9593,310.83,38,2,5.27,BD,1685956155
505,ondangwa,-17.9167,15.95,296.41,17,0,1.23,NA,1685956155
506,zheshart,62.0731,49.5733,285.26,62,82,5.6,RU,1685956156
507,eureka,40.8021,-124.1637,286.3,89,76,0.45,US,1685956156
508,waipawa,-41.4122,175.5153,281.94,72,100,5.64,NZ,1685956156
509,half moon bay,37.4636,-122.4286,287.54,90,100,6.17,US,1685956156
510,rawson,-43.3002,-65.1023,282.98,38,100,10.83,AR,1685956157
511,belen,36.4891,36.2233,295.23,53,20,6.69,TR,1685956157
512,arequipa,-16.3989,-71.535,287.29,32,2,1.65,PE,1685956157
513,tocopilla,-22.092,-70.1979,290.11,72,13,2.07,CL,1685956157
514,limon,10.0,-83.0333,297.62,83,100,4.57,CR,1685956158
515,ust-kuyga,70.0167,135.6,288.43,48,99,7.06,RU,1685956158
516,mujiayingzi,42.1167,118.7833,300.16,16,96,4.78,CN,1685956158
517,santiago del estero,-27.7951,-64.2615,289.18,57,100,1.03,AR,1685956158
518,pitimbu,-7.4706,-34.8086,296.48,79,94,5.86,BR,1685956159
519,buchanan,5.8808,-10.0467,299.87,84,100,2.04,LR,1685956159
520,haifa,32.8156,34.9892,299.98,58,20,4.12,IL,1685956159
521,moree,-29.4667,149.85,290.45,59,55,4.55,AU,1685956160
522,sitio novo do tocantins,-5.5183,-47.4611,295.23,80,17,1.36,BR,1685956160
523,tadine,-21.55,167.8833,295.0,67,99,5.02,NC,1685956160
524,liling,27.6667,113.5,297.88,83,100,2.75,CN,1685956160
525,jequitinhonha,-16.4339,-41.0033,287.0,98,0,0.52,BR,1685956161
526,los llanos de aridane,28.6585,-17.9182,293.01,93,40,2.68,ES,1685956161
527,usinsk,65.9939,57.5281,285.4,51,78,10.49,RU,1685956161
528,nacala,-14.5428,40.6728,302.94,50,0,3.91,MZ,1685956161
529,vaxjo,56.8777,14.8091,293.85,40,0,2.06,SE,1685956162
530,veraval,20.9,70.3667,305.04,65,0,6.66,IN,1685956162
531,voi,-3.3945,38.563,302.76,45,65,4.66,KE,1685956162
532,gafargaon,24.4333,90.5667,313.45,24,0,0.33,BD,1685956163
533,ashington,50.9331,-0.3909,289.84,63,0,8.23,GB,1685956163
534,koulikoro,14.0,-7.75,305.94,37,100,7.24,ML,1685956163
535,kyshtovka,56.555,76.6271,306.98,30,0,3.17,RU,1685956164
536,makat,47.6469,53.3463,308.22,18,99,0.98,KZ,1685956164
537,nileshwar,12.25,75.1,304.04,64,36,5.24,IN,1685956165
538,nizhnyaya tavda,57.6731,66.1725,302.08,46,44,2.79,RU,1685956165
539,dzaoudzi,-12.7887,45.2699,302.09,58,0,1.54,YT,1685956166
540,general roca,-39.0333,-67.5833,282.11,32,99,4.28,AR,1685956166
541,salinopolis,-0.6136,-47.3561,299.0,85,62,4.66,BR,1685955964
542,dingle,10.9995,122.6711,302.12,78,100,0.71,PH,1685956166
543,aktash,50.3,87.7333,294.08,26,38,0.77,RU,1685956166
544,taldan,53.6667,124.8,287.8,71,88,3.88,RU,1685956167
545,bengkulu,-3.8004,102.2655,300.7,84,70,4.3,ID,1685956167
546,bari sadri,24.4167,74.4667,312.23,20,0,3.51,IN,1685956167
547,lasem,-6.6922,111.4527,301.94,71,92,2.76,ID,1685956168
548,christchurch,-43.5333,172.6333,281.43,88,75,4.12,NZ,1685956009
549,gazli,40.1333,63.45,311.66,7,5,4.98,UZ,1685956168
550,vila franca do campo,37.7167,-25.4333,292.38,90,100,2.57,PT,1685956168
551,nueva guinea,11.6876,-84.4562,296.48,94,53,1.35,NI,1685956169
552,mokhsogollokh,61.4681,128.9203,290.46,44,69,3.9,RU,1685956169
553,macia,-25.0269,33.0989,303.25,36,1,4.97,MZ,1685956100
554,dhidhdhoo,6.8833,73.1,301.68,79,100,9.48,MV,1685956169
555,moche,-8.1711,-79.0092,295.25,88,100,4.12,PE,1685956170
556,luanda,-8.8368,13.2343,299.15,78,40,2.06,AO,1685956170
557,mangalia,43.8,28.5833,293.78,45,6,6.13,RO,1685956170
558,nishihara,26.1842,127.7558,299.96,80,75,5.14,JP,1685956170
559,aranos,-24.1333,19.1167,286.52,42,0,4.98,NA,1685956171
